id,taskName,status,expirationDate
5497,integer ac leo pellentesque ultrices,done,2021-09-21
4639,venenatis tristique,progress,2021-09-02
5718,nunc vestibulum ante ipsum primis,done,
2637,dui proin leo odio porttitor,progress,
6727,dictumst aliquam augue,todo,2021-03-20
6697,cum sociis natoque penatibus,todo,2021-11-13
5919,ut odio cras mi pede,done,2021-10-13
5529,dictumst aliquam augue,todo,2021-09-03
1632,in faucibus,todo,2021-04-05
3472,amet nulla quisque arcu libero,todo,2021-12-17
5481,purus phasellus in,todo,2021-08-21
7222,id lobortis,done,2021-06-22
5165,integer tincidunt ante,todo,2021-10-20
6259,in faucibus orci,todo,2021-05-10
4087,dui proin leo odio porttitor,progress,2022-01-09
5907,in faucibus orci,todo,2021-04-19
3218,in faucibus,todo,2022-01-21
7808,sit amet,todo,2021-07-10
5946,cum sociis natoque penatibus,todo,2022-02-21
4953,in faucibus orci,todo,2021-10-21
